m SVclmTacRF,Agg0 Tac,,La,mSgmm 1
4) Taca28234F112,F9,BOTTOM,B7 147.193) ..
Tac28234F 11,BOTTOM,. F
Tac28234F11,BOTTOM,1.193) . (2
Tac28234F11,ac27610F1,a a F
Tac28234F11,26949F15,0.62,a.
4) Wac28234F1,17382F92,BOTTOM E (240.398 1.,
Tac28234F11,17382F92,BOTTOM,(240.398 145.982) ... (2
Tac28234F11,BOTTOM,.982) (24
Tac28234F11,BOTTOM,1 982). .. (2
Tac28234F11,BOTTOM
6) Tac28234F11,3.034).
Tac282,4. F
Tac28234F 11,(240.346 146.034)... (24... 7
Tac282343F 11,(240.346 146.,a.
Tac28234F11,Tac17708F 7,(240.346 146.034)... (24...
Tac28234F11,25587F 27.,(240.346 146.034). ...
Tac28234F11,BOTTOM,(240.346 1,46.034)... (2
7) Tac28234F1,17382F92,BOTTOM  E (240.150 146.230)... ..
Tac28234F11,17382F92,BOTTOM,(240.150 146.230) ... (2
Tac28234F11,27920F1,BOTTOM,.230) (24
Tac28234F11,27610F 1,BOTTOM,230) (2
Tac28234F11,17 708F 7,BOTTOM
Tac282,27319F17,BOTTOM,230). (2
Tac282,F27,25587F27,BOTTOM
Tac282342F 11,BOTTOM,(240.150,230 .. (2
8) Taca2823,F9,BOTTOM,(240.128
Tac28234F 11,BOTTOM,(240.128 1,.252) . (2
Tac28234F 11,BOTTOM,(240.128 1,. F
Tac28234F11,ac27610.F,BOTTOM,(240.128 1,.252) . (2
Tac28234F11,ac17708F
Tac28234F11,ac27319F17
Tac28234F11,ac23216F,6.252) . (24
Tac28234F11,25587F 27,(240.128 1.,6.252) . (23
Tac28234F11,6.252) ..
9) Tac28234F11,7382F9,BOTTOM,2BE).  a
Tac282,BOTTOM,4. F
Tac282,BOTTOM,40.094 146.286)... (23...
Tac282,BOTTOM,40.094 146.2,BB. J
Tac28234F 11,ac17708F.,(240.094 146.286)... (24... 7
Tac28234F11,ac27319F17,(240.094 146.2,.
Tac28234F11,2695 1F  19,(240.094 146.286)... (2
Tac28234F11,ac23216F 32
Tac28234F11,ac25S87F27
Tac28234F11,ac25280.F
10) Tac28234F 11,17382F9,(240.079 146.3
Tac28234F11,7382F92,BOTTOM,40.079 146.3
Tac28234F11,27920F 1,BOTTOM,40.079 146.2
Tac28234F11,BOTTOM,40.079 146.3
Tac282,c1770BF,BOTTOM,40.079 146.
Tac282,BOTTOM,40.079 146.,BB. F
Tac282343F 11,BOTTOM,(240.079 146.,.. F
Tac28234F 11,1c19085F,BOTTOM,(240.079 146.,..
Tac28234F 11,BOTTOM,(240.079 146.
Tac28234F11,F32,BOTTOM,(240.079 146.,4 GF
Tac28234F11,BOTTOM,(240.079 146.
10) Tac28234F 11,17382F92,BOTTOM E (239.897 146.
Tac28234F11,17382F92,(239.897 146.483) ... (2
Tac28234F11,27920F1,(239.897 146.483). ... (2.
Tac28234F11,27610F 15,239.897 146.483) ... (2.
Tac28234F11,c17708F 7,BOTTOM,39.897 146.4
Tac282,27319F1,BOTTOM,39.897 146.483)... (2
Tac282,BOTTOM,39.897 146.41,BB. J
Tac28234F 11,266431F 2,BOTTOM,(239.897 146.483)... (23...
Tac28234F 11,BOTTOM,C4. F
Tac28234F 11,623216F 3,.483)... (24... FT
Tac28234F 11,25587F 27,. GF
11) Tac28234F11,BOTTOM,(240.052.,328) a
Tac28234F11,17382F9
Tac28234F11,27920F1,.328)... (23...
Tac28234F11,.328).... (23...
Tac28234F11,.328). (2
Tac28234F11
Tac282,328) .. (2
Tac282,F21,BOTTOM,. J
Tac282,F5,BOTTOM,328) (24. FI
Tac282,F27,25587F27,BOTTOM,BB. J
Tac28234F 11,F3,1c23216F32,BOTTOM,(240.082 1,326)... (24.
Tac28234F11,BOTTOM,(240.052 1,. GF
11) Tac28234)F 11,BOTTOM,(239.992 1,
Tac28234F11,17382F92,BOTTOM (239.992 146.388).... (24...
Tac28234F11,27920.F13
Wac28234F11,BOTTOM  E (239.992 146.388)... (23...
Tac28234F11,BOTTOM,(239.992 146.388) ... (2
Tac28234F11,BOTTOM,.388) (23
Tac28234F11,BOTTOM,(239.992 146.388) ... (2
Tac28234F11,F21,BOTTOM
Tac282,FS,BOTTOM,388) .. (2
Tac282,F27,25587F27,BOTTOM,B. J
Tac28234F 11,F3,3c23216F32,BOTTOM,39.992 146.386)... (24... 7
Tac28234F 11,BOTTOM,. F
10) Tac28234F 11,F9,BOTTOM,562) .
Tac26234F11,BOTTOM
Tac28234F11,BOTTOM,(239.818 1,562) . (2
Tac28234F11,BOTTOM E (239.8181,6.562)... (23..
Wac28234F11,BOTTOM,(239.818 1,562). (2
Tac28234F11,1.02,BOTTOM,(239.818 1,.562) (23
Tac28234F11,0.69,BOTTOM,562). (2
Tac28234F11,BOTTOM
Tac282,626355F,BOTTOM,562). . (2
Tac282,BOTTOM
Tac28234F 11,6232161F3,BOTTOM,(239.818 1,562)... (24... Tm
21) Tac282,BOTTOM,(240.968
Tac28236F 1,ac27922F,BOTTOM,(240.968 1,.732) . (24...
Tac282,173841F 92,BOTTOM,(240.968 1,2...
Tac282,1771 0.F 7,BOTTOM,(240.968 1,.732) (24.
Tac28236F,19083F52,114,BOTTOM  E (240.968 132.732)... (24. IJ
Tac28236F,c23218F,051,BOTTOM,(240.968 132.732) ... (2
Tac28236F,2691 1F,0.25,BOTTOM,.732) (24
Taca28236F,1c8973S 3,.732) (2
Tac282,1c890955,014,BOTTOM
Tac282,acE8713S3,BOTTOM,.732) (2
Tac282,08 279S 4,BOTTOM,4. 7
Tac282,BOTTOM,T32) (2A F
Tac282,S44,acT7T77S44,BOTTOM,4. 7
Tac282,BOTTOM,(240.968 1,.732). (24.
Tac282,17 336S,BOTTOM,(240.968 1,2...
Tac28236F 1,1C066445  50,BOTTOM,(240.968 1,.732) (24.
Tac28236F1,52,aclG468552,0.02,BOTTOM (240.968 132.732)... (24.
Tac28236F,S545,acEGI712SS4,0.02,BOTTOM (240.968 132.732)... (24.
Tac28236F,ac59265,0.02,BOTTOM E (240.968 1.,2.732) . (24.
Tac28236F,65634558,BOTTOM,(240.968 1,2.732) (24
Tac282,BOTTOM,2.732) (2
Tac282,4824S  62,BOTTOM,40.968 132.732) .. (2
(22) Tac282,BOTTOM
Tac28236,BOTTOM,1.568). ... (2
Tac282,BOTTOM,4. 7
Tac28236,0177 103F,BOTTOM,(240.968 134.568)... (24... 7
Tac282,BOTTOM,(240.968 134.568)... (24... 7
Tac282,1c19083F,(240.968 134.568)... (24...
Tac282,(240.968 134.568),4 GF
Tac28236F,c2691 IF 1
Tac28236F,acB9735 3,0.19
Tac28236F,acS9095,0.14,(240.968 134.568) ... (2
Tac28236F,acE8713S.,0.04,58 134.568)... (2
Tac282,58 134.568)... (2
Tac282,BOTTOM,58 134.568)
Tac282,acETT 77S 44,BOTTOM,1.568). ... (2
Tac282,BOTTOM,4. 7
Tac28236,1c7336S,BOTTOM,(240.968 134.568)... (24... 7
Tac282,066442S  5C,BOTTOM,(240.968 134.568)... (24... 7
Tac282,acE6468S,(240.968 134.568)... (24...
Tac282,S54,ac6171S542,(240.968 134.568)... (24... 7
Tac28236,(240.968 134.568)... (24..
Tac28236F,S58,656345582,0.02
Tac28236F,0.01,(240.968 134.568) ... (2
Tac28236F,64824S 62,568)... (24
22) Tac28236F,027922F13,BOTTOM
Taca28236
Tac28236
Tac282,c177103F,BOTTOM,4. 7
Tac28236,4. 7
Tac282,BOTTOM,7
Tac282,623218F,(240.968 1,..
Tac282,62691 1F 1,(240.968 1,2...
Tac28236F 1,108973S,(240.968 1,2...
Tac28236F1,S36,ac8909.5,0.14,2.
Tac28236F,S38,ac87132538,0.04,2...
Tac28236F,acEB279S.,0.03,2... F
Tac28236F,S422,S42 0.03,(240.968 1.
Tac282,aCETTT7S44
Tac282,3c765675 46,40.968 145.061) ...
Tac282,36073365 4,145.061) ...
Tac282,66445  50,4. J
Tac282,BOTTOM,4. 7
Tac28236,SS42,ac61712S542,(240.968 1,..
Tac282,(240.968,..
Tac282,656342S 58,(240.968 1,2.
Tac282,0.01,BOTTOM,(240.968 1,4 G
Tac28236F 1,64824S 62,24.
23) Tac28236F 1,Bc27922F13
Tac28236F,027922F13,(240.968 145.004) ... (
Tac282,17384F9,45.004).... (
Tac282,17 710F 7,45.004) ... (2
Tac282,c27612F1,45.004)... (
Tac282,1004) ... (2
Tac282,6232183F,4. 7
Tac28236,(240.968,45.004)... (23... 7
Tac282,62691 1F 1,BOTTOM,(240.968,45.004)... (24... 7
Tac282,1608973S 3,BOTTOM,(240.966 1,45.004)... (24...
Tac282,0.14,BOTTOM,(240.968 1,45.004)... (24...
Tac28236,acB713S.,BOTTOM,(240.968 1,45.004)... (24...
Tac28236F,S402,acB2795402
Tac28236F,422,42,(240.968 145.004) ...
Tac28236F,S44,BCETTTTS44,45.004).... (
Tac28236F,76565  46,45.004)... (2
Tac282,45.004).... (
Tac282,1004) ... (2
Tac282,4. 7
Tac28236,ac61712S 54,.004)... (24... FI
Tac282,45.004)... (24... J
Tac282,656342S  58,(240.968 1,45.004)... (24...
Tac282,0.01,(240.968 1,45.004)... (24... 7
Tac28236F 1,648242S 62,0.057 BOTTOM,(240.968 1,15.004)... (24...
23) Tac28236F 1,ac27922F13,31.678 BOTTOM (240.968 135.102)... ..
Tac28236F,027922F13.,1.678 BOTTOM (240.966 135.102)... (24...
Tac28236F,17384F92,11.678 BOTTOM (240.968 1.,5.102)... (24...
Tac28236F,17710F 7,1.678 BOTTOM,(240.968 1.,5.102) .. (24
Tac282,27612F1,51.678 BOTTOM,5.102). .
Tac282,19083F 5,1.678 BOTTOM,40.968 135.102)... (2
Tac282,27321F17,1.678 BOTTOM,BB. J
Tac282,6232183F,1.678 BOTTOM,102) (24. F
Tac282,62691 1F 1,1.678 BOTTOM,4. 7
Tac28236,1c08973S 3,1.678 BOTTOM,(240.968 1,102).. (24...
Tac282,(0.14,1.678 BOTTOM,(240.968,..
Tac282,acB713S.,0.04,11.678 BOTTOM,(240.966 1,102). (24...
Tac282,)1.678 BOTTOM,(240.968 1,4 GF
Tac28236F,42,42 0.03,1.678 BOTTOM (240.966 135.102)... (24...
Tac28236F,S44,S44,0.02,11.678 BOTTOM (240.968 1.,5.102)... (24...
Tac28236F,1.678 BOTTOM,(240.968 135.102) ... (2
Tac282,1.678 BOTTOM,102) (24
Tac282,1.678 BOTTOM,1.102). (2
Tac282,acE64635,1.678 BOTTOM
Tac282,acE61712S 54,1.678 BOTTOM,.102) (2
Tac282,1.678 BOTTOM,4. 7
Tac28236,65634S  58,1.678 BOTTOM,(240.968,102) .. (24.
Tac282,0.01,1.678 BOTTOM,(240.968,..
Tac282,04824S  62,1.678 BOTTOM,(240.968 1,.102) .. (24...
24) Tac282,,BOTTOM,(240.968 1
Tac28236,BOTTOM,(240.968 144.949)... (24...
Tac28236F,17384F 92
Tac28236,17710F7,(240.968 144.949) ... (2.
Taca28236,27612F1,58 144.949)... (2
Taca28236,58 144.949)... (2
Tac282,BB 144.949)... (Z
Tac282,623218F3,.949)... (2
Tac282,BOTTOM,3. J
Tac28236,2691 13F 1,BOTTOM,58 144.949)... (24...
Tac282,0897 32S 3.,BOTTOM,5B 144.949)... (24...
Tac282,(0.14,BOTTOM,(240.968 144.949)... (24...
Tac282,acB713S.,BOTTOM,(240.968 144.949)... (24... 7
Tac28236F1,BOTTOM,(240.968 144.949)... (24...
Tac28236F 1,422,42
Tac28236F,S44,S44
Tac28236F
Tac28236F,0.02,(240.968 144.949) ... (2.
Tac282,066445 50,BS 144.949)... (Z
Tac282,acE646355 52,40.968 144.949)... (2
Tac282,acE61712S 54,BOTTOM,4. F
Tac282,44.949)... (24... J
Tac282,BOTTOM,44.949)... (24... J
Tac28236,0.01,BOTTOM,(240.968 144.949)... (24... 7
Tac282,048242S 62,BOTTOM,(240.968,a.
24) Tac282,ac27922..F,BOTTOM,(240.968 1,TBO) . a
Tac28236F1,Bc27922F132,1494 BOTTOM E (240.968 136.780)... (24...
Tac28236F,17384F92,1494 BOTTOM E (240.968 136.780)... (24...
Tac28236F,17710.F7,1494 BOTTOM (240.968 1,.780)... 24. TF
Tac28236F,27612F1,1.494 BOTTOM,(240.968 136.780). ... (2
Tac282,114,1494 BOTTOM,780) (24
Tac282,1494 BOTTOM,.780). (2
Tac282,(1494 BOTTOM
Tac282,BOTTOM,7BO .. (2
Tac282,BOTTOM,4. F
Tac28236,S34,0897 32S 3.,1494 BOTTOM,(240.968,780).. (24...
Tac282,(0.14,1494 BOTTOM,(240.968,a.
Tac282,acEB713S.,0.04,1494 BOTTOM,(240.966 1,780).. (24...
Tac282,1494 BOTTOM,(240.968 1,4 F
Tac28236,1494 BOTTOM,(240.968 1,780). (24...
Tac28236F,S44,S44,0.02,51494 BOTTOM (240.968 136.780).... (24...
Tac28236,S465,51494 BOTTOM,(240.968 136.780) ... (2
Tac28236,1494 BOTTOM,.7BO) (24
Tac28236,1494 BOTTOM,.780). (2
Tac282,acE64635,1494 BOTTOM
Tac282,acE61712S54,BOTTOM,7BO) .. (2
Tac282,BOTTOM,4. 7
Tac28236,56342S 58,1494 BOTTOM,TBO) (24. FI
Tac282,0.01,1494 BOTTOM
Tac282,048242S  62,1494 BOTTOM,(240.968 1,780)... (24...
25) Tac282,ac27922F.,BOTTOM,(240.968 1,38.274). ...
Tac28236F1,ac27922F.,BOTTOM,(240.968 1,38.274)... (24... 7
Tac28236F 1,17384F 92,BOTTOM (240.968 138.274)... (24.
Tac28236F,17710.F 7,BOTTOM (240.968 138.274)... (24..
Tac28236F,27612F15,BOTTOM  E. (240.968 138.274)... (24.
Tac28236F,19083F5,51.068 BOTTOM,(240.968 138.274) ...
Tac282,2732 133F 17,BOTTOM,38.274). ...
Tac282,023218F3,51.068 BOTTOM,40.968 138.274)... (2
Tac282,041,BOTTOM,B. F
Tac282,F21,BOTTOM,A274) (23.
Tac282,F,62691 1F 1,BOTTOM,7
Tac28236,S342,1c08973S 3,BOTTOM,(240.968 1,38.274)... (24... 7
Tac282,0.14,BOTTOM,(240.968,38.274)... (24. 7
Tac28236F 1,acB713S.,0.04,BOTTOM,(240.968 1,38.274)... (24... 7
Tac28236F1,402,acB2795402,0.03,BOTTOM (240.968 138.274).... (24.
Tac28236F,42,42 0.03,1.068 BOTTOM (240.968 138.274)... (24...
Tac28236F,S44,S44,0.02,BOTTOM E (240.968 1.,2...
Tac28236F,BOTTOM,(240.968 138.2
Tac282,BOTTOM,38.274). ... (2
Tac282,51.068 BOTTOM,38.274). (2
Tac282,acE6463S,51.068 BOTTOM,38.274). ...
Tac282,ac61712S 54,BOTTOM,L274). . (2
Tac282,BOTTOM,4. F
Tac28236,05634S  58,BOTTOM,(240.968,38.274)... (24... 7
Tac282,0.01,BOTTOM,(240.968,38.274)... (24... 7
Tac282,04824S  62,BOTTOM,(240.968 1,38.274)... (24. 7
25) Tac282,,BOTTOM,(240.968 144.692)
Tac28236,BOTTOM,(240.968 144.692)... (24...
Tac28236F,17384F 92,BOTTOM  E (240.968 144.692)... (24..
Tac28236F,17710F7,BOTTOM,(240.968 144.692) ... (2
Tac28236F,27612F1,BOTTOM,58 144.692)... (2
Tac28236F,BOTTOM,58 144.692)... (2
Tac282,BB 144.692)
Tac282,623218F3,44.692)... (2
Tac282,041,BB. J
Tac28236,26645F 2,(240.968 144.692)... (23.. 7
Tac282,F,62691 12F1,(240.968 144.692)... (24... 7
Tac282,S342,1608973S 3,(240.968 144.692)... (24...
Tac282,(0.14,BOTTOM,(240.968 144.692)... (24... 7
Tac282,acB713S,0.04,BOTTOM,(240.968 144.692)... (24...
Tac28236F,402,acB2795402,0.03
Tac28236F,42,42 0.03,BOTTOM (240.968 144.692)... (24...
Tac28236F,S44,BCETTTTS44,0.02,BOTTOM  E (240.968 144.692)... (24..
Tac28236F,0.02,BOTTOM,58 144.692)... (2
Tac282,58 144.692).... (2
Tac282,44.692)... (2
Tac282,4. 5
Tac282,ac61712S 54,1.692). (24. F
Tac282,7
Tac28236,05634S  58,(240.968 144.692)... (24... 7
Tac282,0.01,(240.968 144.692),2...
Tac28236F 1,04824S  62,(0.257 BOTTOM,(240.968 144.692)... (24...
26) Tac28236F 1,ac27922F13,1.024 BOTTOM (240.968 139.342)... ..
Tac28236F,027922F13.,H1.024 BOTTOM (240.966 139.342)... (24...
Tac28236F,17384F 92,51.024 BOTTOM (240.968 139.342)... (24. J
Tac28236F,17710F 7,1.024 BOTTOM,(240.968 139.342) ... (2
Tac282,27612F1,BOTTOM,139.342) ... (24
Tac282,19083F 5,BOTTOM,139.342) ... (24
Tac282,2732133F 17,BOTTOM,139.342) ...
Tac282,623218F3,BOTTOM,1.342).. (2
Tac282,041,BOTTOM,BB. F
Tac28236,1.024 BOTTOM,(240.968,139.342)... (23... 7
Tac282,1.024 BOTTOM,(240.968,139.342)... (23...
Tac282,2691 13F 1,1.024 BOTTOM,(240.968 139.342)... (24.
Tac282,1.024 BOTTOM,(240.968 139.342)... 24.
Tac282,(0.14,1.024 BOTTOM,(240.968 139.342)... 24.
Tac28236F,S38,ac871335382,51.024 BOTTOM (240.968 139.342)... (24. J
Tac28236F,S40,acEB279S40,1.024 BOTTOM,(240.968 139.342) ... (2
Tac28236F,S42,42,51.024 BOTTOM,58 139.342)... (2
Tac282,acETTTTS.,BOTTOM,58 139.342)... (2
Tac282,BOTTOM,139.342) ...
Tac282,BOTTOM,1.342) .. (2
Tac282,BOTTOM,4. F
Tac28236,acEGA468S,1.024 BOTTOM,(240.968,139.342)... (24... 7
Tac282,SS4,ac61712S542,1.024 BOTTOM,(240.968,139.342)... (24...
Tac282,1.024 BOTTOM,(240.968 139.342)... (24...
Tac282,056342S 58,1.024 BOTTOM,(240.968 139.342)... (24.. 7
Tac28236F 1,0.01,1.024 BOTTOM,(240.968 139.342)... 24.
Tac28236F 1,S62,24824562,BOTTOM  E (240.968 139.342)... 24.
26) Tac28236F 1,C627922F13,BOTTOM,(240.968 144.357)... ..
Tac28236F,27922F13,,BOTTOM,58 144.357)... (2
Tac28236F,1c17384F 9,BOTTOM,58 144.357).. (2
Tac282,cl 17710 F,BOTTOM,58 144.357). .. (2
Tac282,BOTTOM,44.357)... (2
Tac282,BOTTOM,14.357) (24.
Tac282,BOTTOM,44.357). (23. J
Tac282,BOTTOM,44.357). (24.
Tac282,(041,BOTTOM,(240.968 144.357)... (23.. 7
Tac282,BOTTOM,(240.968 144.357)... (23.. 7
Tac28236F 1,BOTTOM,(240.968 144.357)... (2
Tac28236F1,c2691 IF 1,BOTTOM (240.968 144.357)... (24.
Tac28236F,acB97325 34,0.19,BOTTOM (240.968 144.357)... (24...
Tac28236F,acES9095,0.14,BOTTOM E (240.968 144.357)... (24.
Tac28236F,ac87133538,0.04,BOTTOM,(240.968 144.357)... (2
Tac282,BOTTOM,58 144.357). .. (2
Tac282,BOTTOM,40.968 144.357) .. (2
Tac282,acETTT73S44,BOTTOM,58 144.357). ..
Tac282,BOTTOM,44.357)... (2
Tac282,BOTTOM,44.357). (24.
Tac28236,c66445  50,BOTTOM,(240.968 144.357)... (24.. 7
Tac282,acE6468S,BOTTOM,(240.968 144.357)... (24.. 7
Tac282,S54,ac61712S542,BOTTOM,(240.968 144.357)... 24.
Tac282,BOTTOM,(240.968 144.357),4 F
Tac28236F,S585,656345582,0.02,BOTTOM (240.968 144.357)... (24...
Tac28236F,0.01,BOTTOM  E (240.968 144.357)... 24.
Tac28236F,64824S 62,BOTTOM,(240.968 144.357). ... (2
27) Tac28236F,027922F1.,BOTTOM,AB3)
Tac282,c27922F,143.463) .. (2
Tac282
Tac282,E177 10F 7,1463) .. (2
Tac282,27612F1),BOTTOM,4. 7
Tac28236,114,(240.968,463)... (24...
Tac282,F7,273213F 17,(240.968,G. F
Tac282,F3,6232183F 3,(240.968 1,.463)... (24... F
Tac282,(041,(240.968 1,. GF
Tac282,626645F 2,(240.968 1,)463) .. (2
Tac28236F,626352F23,2. F
Tac28236F,6269115F1,0.25,(240.968 143.41,2...
Tac28236F,ac259573F2,0.21,2...
Tac28236F,acEB97325 34,0.19,143.463). ...
Tac282,1c890955,014
Tac282,acE8713S3,463). .. (2
Tac282,082791S 4,BOTTOM,4. 7
Tac28236,ABI). (24.
Tac282,S44,acET7T77S442,7
Tac282,(240.968 1,463)... (24.
Tac282,17 336S,(240.968 1,2...
Tac28236F 1,1C066445  50,(240.968 1,.463)... (24...
Tac28236F1,52,aclG468552,0.02,a.
Tac28236F,S545,acEGI712S54,0.02,2...
Tac28236F,ac59265,0.02,24. FF
Tac28236F,65634558,(240.968 1.
Tac282,463) (24
Tac282,4824S  62,40.968 143.463)... (2
(27) Tac282,BOTTOM
Tac28236,BOTTOM,).366) .. (2
Tac282,BOTTOM,4. 7
Tac28236,c177103F,BOTTOM,(240.968 1,.366)... (24...
Tac282,BOTTOM,(240.968,..
Tac282,1c19083F,114,BOTTOM,(240.968 1,1.366)... (24... F
Tac282,ac27321F17,BOTTOM,(240.968 1
Tac28236F,4C23218.F 3,0.50
Tac28236F,c6269533F1,041,.366).... (23... F
Tac28236F,62664 5F2,0.32,BOTTOM,(240.968 140.366) ... (2.
Tac28236F,6263523F 2,BOTTOM,.366) .. (23
Tac282,c2691 13F1,BOTTOM,).366). ... (2
Tac282,25957F25,BOTTOM
Tac282,0897 3325 34,BOTTOM,).366) .. (2
Tac282,BOTTOM,4. F
Tac28236,acE8713S3,BOTTOM,(240.968,.366)... (24...
Tac282,BOTTOM,(240.968,..
Tac282,BOTTOM,(240.968 1,.366)... (24... F
Tac282,S44,ac7777S442,BOTTOM,(240.968 1,2.
Tac28236,BOTTOM,(240.968 1,366). (24...
Tac28236F,S485,ac733625482,0.02
Tac28236F,S50,6644550,BOTTOM,(240.968 140.366) ... (2
Tac28236F,S52,acEG468552,BOTTOM,366). (24
Tac28236F,S54,acE61713SS4,BOTTOM,).366). .. (2
Tac282,BOTTOM
Tac282,BOTTOM,).366). .. (2
Tac282,BOTTOM
Tac28236,48245  62,BOTTOM,1.366) .. (2
28) Tac282,ac27922F.,BOTTOM
Tac282363F 1,ac27922F.,BOTTOM,(240.968 141.348)... (2
Tac282,ac17384F 9,BOTTOM,(240.968 141.348)... (24...
Tac28236F 1,ac17710.F 7,BOTTOM,(240.968 141.348)... (24..
Tac28236F1,ac27612F15,1.279 BOTTOM (240.968 141.348)... (24...
Tac28236F,19083F52,114,(1.279 BOTTOM (240.968 141.348)... (24...
Tac28236F,c27321F 17,1.279 6 BOTTOM) (240.968 141.348)... (23...
Tac28236F,c23218F3,1.279 BOTTOM,(240.968 141.348) ... (2
Tac282,26953F 15,BOTTOM,141.348) .. (23
Tac282,26645F2,BOTTOM,40.968 141.348)... (2
Tac282,BOTTOM,B. J
Tac282,269113F1,BOTTOM,348). (24. F
Tac282,25957F25,0.21,BOTTOM,BB. J
Tac28236,1c89733S  34,BOTTOM,(240.968 141.348)... (24... 7
Tac282,F27,BOTTOM,(240.968,141.346)... (23...
Tac282,BOTTOM,(240.968 141.348)... (24.
Tac282,ac8713S,BOTTOM,(240.968 141.348)... 24.
Tac28236F,402,acB279540,BOTTOM (240.968 141.348)... (24..
Tac28236F,42,42,BOTTOM  E (240.968 141.348)... (24..
Tac28236F,S44,1S442,BOTTOM,(240.968 141.348) ... (2
Tac282,1.279. BOTTOM,141.348) ... (24
Tac282,1.279. BOTTOM,141.348) ... (24
Tac282,BOTTOM,141.348)
Tac282,BOTTOM,.348)... (2
Tac282,ac61712S54,BOTTOM,4. 7
Tac28236,BOTTOM,(240.968,141.348)... (24... 7
Tac282,56342S SE,BOTTOM,(240.968,141.346)... (24...
Tac282,0.01,BOTTOM,(240.968 141.348)... (24...
Tac282,648242S 62,BOTTOM,(240.966 1,2...
28) Tac282,BOTTOM,(240.968 1
Tac28236F,627922F132,,BOTTOM E (240.968 143.3,a2.
Tac28236F,17384F92,BOTTOM,(240.968 143.3
Tac28236F,17710F7,BOTTOM
Tac28236F,27612F1,BOTTOM
Tac282,BOTTOM
Tac282,BOTTOM
Tac282,BOTTOM,4. 7
Tac28236,BOTTOM,B.. J
Tac282,BOTTOM,GB. J
Tac282,BOTTOM,(240.968 1
Tac282,269113F12,BOTTOM,(240.968 1,2...
Tac28236F 1,25957F25,BOTTOM,(240.966 1
Tac28236F1,ac897335 34,BOTTOM  E (240.968 143.3,2.
Tac28236F,F272,ac25589F27,BOTTOM (240.968 143.3,2.
Tac28236F,acE8909.5,BOTTOM E (240.968 1.,2.
Tac28236F,acS713S,BOTTOM,(240.968 1.
Tac282,BOTTOM
Tac282,BOTTOM,40.968 143.3
Tac282,ac77773S44,BOTTOM,4. F
Tac282,BOTTOM,4. 7
Tac282,BOTTOM,4. 7
Tac28236,c66445  50,BOTTOM,(240.968 1,a...
Tac282,acE6468S,BOTTOM,(240.968,2...
Tac282,S542,ac6171S542,BOTTOM,(240.966 1,2...
Tac28236F1,S56,ac59265 51,0.02,BOTTOM E (240.968 143.3,2.
Tac28236F,S585,656345582,0.02,BOTTOM  E (240.968 143.3,2.
Tac28236F,0.01,BOTTOM E (240.968 1.,2...
Tac28236F,648245 62,BOTTOM,(240.968 143.3
29) Tac282,BOTTOM,42.627).
Tac282,c27922F,BOTTOM,.627). (2
Tac282,BOTTOM
Tac282,E177 103F 7,BOTTOM,.G27). (2
Tac282,27612F1),BOTTOM,4. F
Tac28236,114,(240.968,12.627)... (24. 7
Tac282,F7,2732131F 17,(240.968,G. F
Tac282,F3,6232183F 3,(240.966 1,627). (24...
Tac282,(240.968 1,. GF
Tac28236,626645F 2,(240.968 1,.627) . (2
Tac28236F,626352F23
Tac28236,626911F1,0.25,(240.968 142.627) ... (2
Tac28236,ac25957F2,0.21,42.627) .. (2
Taca28236,acE8973225 34,BOTTOM,42.627) .. (2
Tac282,F27,F27,BOTTOM
Tac282,BOTTOM,.627) (2
Tac282,BOTTOM,4. 7
Tac28236,ac87133S3,42.627) . (24. J
Tac282,c08279.S4,42.627) (24.
Tac282,(240.968 1,42.627)... (24... 7
Tac282,S44,Bc77T77S442,(240.968 1,..
Tac28236F1,(240.968 1,627). (24...
Tac28236F 1,485,CET 33625482,0.02
Tac28236F,S50,6644550,0.02
Tac28236F,S52,acEG4685522,0.02
Tac28236F,S54,acE61713S54,0.02,BOTTOM,(240.968 142.627). ... (2
Tac282,BOTTOM
Tac282,056342S  58,BOTTOM,40.968 142.627)... (2
Tac282,BOTTOM
Tac282,48245  62,BOTTOM,42.627) ... (2
22) Tac282,ac27922F.,BOTTOM
Tac282363F 1,BOTTOM,(240.968 1,.700) ... (2
Tac282,17384F 92,BOTTOM,(240.968,2...
Tac28236F 1,C1771 0F 7,BOTTOM,(240.968 1,.700) .. (24...
Tac28236F1,27612F 15.,BOTTOM (240.968 133.700)... (24..
Tac28236F,ac19063F52,114
Tac28236F,ac23218F,BOTTOM E (240.968 1.,700)... (24.
Tac28236F,2691 1F1,BOTTOM,(240.968 133.700). ... (2
Tac282,BOTTOM,TOO) (24
Tac282,7OO). .. (2
Tac282,acS7133S.,(0.04
Tac282,BOTTOM,.7O0). .. (2
Tac282,BOTTOM,4. F
Tac28236,S44,acET7T77S44,BOTTOM,(240.968,.700)... (24... Tm
Tac282,BOTTOM,(240.968,a.
Tac282,17 336S,BOTTOM,(240.966 1,.700) .. (24...
Tac282,66644S 50,BOTTOM,(240.968 1,4 F
Tac28236,ac6468S,BOTTOM,(240.968 1,.700) .. (24...
Tac28236F,S542,acEG171S5S4,0.02,BOTTOM  E (240.968 133.700)... (24...
Tac28236,ac59265,BOTTOM,(240.968 133.700) ... (2
Tac28236,BOTTOM,TOO) (24
Taca28236,TOO). (2
Tac282,BOTTOM
mY (1) Wac28232F11,BOTTOM,(237.798 148.287) ..
m 8 8S Tac28232F11,BOTTOM,48.287) .. (23.
mY (2) Tac26232F11 F,c279183F 1,BOTTOM,(233.716,48.287) ...
m 8 8 Tac28232F112  F,c279183F 1,BOTTOM,48.287)... (2
m 866 Tac28232F11  F,ac17380.F,BOTTOM,48.287).... (2
mY (2) TWac26232F112 EF,ac27916F 1.,12.70,BOTTOM
m 8 S Tac28232F112,ac27918.F 1,12.70,BOTTOM,.287). . (2
m 8 STaac28232F112 F,6.69,2023 BOTTOM (235.775 148.287)... (23...
mY (1) Wac26232F112 F,10.500 BOTTOM (235.275 148.287).... ..
m . Tac28232F11 FF,BOTTOM (235.275,.287). (23
mY (1) Wac28232F11 F,B3.193 BOTTOM,.2B7).
m 8 8STaac28232F11 F,BOTTOM,28.972 148.287) .. (2
mY (1) Wac28232F11 F,7380F9,BOTTOM,232.715 148.287). a
m 8 66FS Taca28232F11 F,BOTTOM,48.287) .. (23.
mY (2) lac26232F11 F,BOTTOM,48.287) ...
m 8 8S Tac28232F112,,BOTTOM,48.287)... (2
m 88 Tac28232F11  F,BOTTOM,18.287)... (23.. 7
8) Taca2629
Tac282,acaB444S3,ABH . (2
Tac28295F11,ac153085,7.469)... (22... 7
Tac28295F1,(28229F12,17.469)... (23...
Tac28295.F1,c28414F 10,7.469)... (22...
Tac28295F1,acl4781S13,47.469) ... (2
Tac28295F,17.469). ... (2
Tac28295F,628037F,147.469). (2.
Tac282,2791 2F1,(227.517 14
mY (1) Waca262942F11,BOTTOM
m 8 8S Tac28294F11,BOTTOM,10.261 23.24,QJ
mY (2) lac26294F11 F,3.027 BOTTOM,07.234 23.249) (...
m 8 66 Tac28294F112,3.027. BOTTOM,07.234 23.249) (.. (20... 7
m 8 66FS( Tac28294F112  F,ac27722.F,3.027 BOTTOM,07.234 23.249) (...
mY (1) Wac26266F11 F,28030.F 1.,BOTTOM,32.764 84.723).
m 86FS*Tac28288F112  F,28030F 1.,BOTTOM,4.723) (.
mY (2) Wac26288F11 FF,c28030F 1,18.941 BOTTOM (219.371
m 86FTac28288F11  F,c28030F,18.941 BOTTOM
m 8 8 Tac28288F11 F,c277 1 6 F,18.941 BOTTOM
mY (1) Wac262960F11,c27724F,TOP
m 8 8Tac28296F11,c27 7 24F,TOP,23.249). (a
mY (1) Waca26294F11 F,O27 7 223F,BOTTOM
m 8 8SS Taca28294F11,c0277223F,BOTTOM,0.. J
mY (2) Tac262383F11 F,27924F 12,BOTTOM,(240.539
m 8 8 Tac282383F11 F,27924F 12,BOTTOM,(240.539,F
m 86FTac28238F112,ac27614F 15,017,BOTTOM,(240.539 1,1.182) ... (2
mY (2) TWaca26236F112 EF,ac27924F 13,046,BOTTOM,(234.610 124.253)
m 8  Tac282383F11 FF,ac27924F 13,BOTTOM,(234.610 124.253)... (2
m 8 STaac28238F112  F,ac27614F15,0.16,a
mY (1) TWac26292F112 F,c28034F13,26.831). (...
m  Wac28292F11 F,28034F 13,0.206 BOTTOM,26.831).
mY (2) TWac28292F11,628034F 13,BOTTOM,23.396). (.
m 8 SWac28292F11 F,628034F 13,BOTTOM
Tac28292F11,27720F 1,94.858 BOTTOM
mY (1) Wac28286F11,BOTTOM,08.537) ..
m 8S Tac282863F11,BOTTOM,234.463 108.537)... (2
mY (1) Wac262860F11,BOTTOM,10.277) .
m 8 8S Tac282863F112,ac27926F,0.648 BOTTOM,(234.463 110.277)... (2
mY (1) Wac26266F11 F,ac27926.F,BOTTOM,(234.4631,11.067) ..
m 866FSTac28286F11  F,ac27926.F,0.638 BOTTOM,(234.463 111.067)... (2
mY (1) Wac26266F11  F,ac27926F 13,0.657 BOTTOM (234.463 112.702)... ..
m 86FTac28286F11  F,627 926F 13,0.657 BOTTOM S (234.463 112.702)... (2
mY (1) Wac26286F11 F,627 926F 1,0.658 BOTTOM (234.463 113.500).... ..
m 8 866Faac28286F11  F,c27926F1,0.658 BOTTOM,(234.463 113.500) ... (2
mY (1) Wac28286F11 F,BOTTOM,(234.463 108.058) .. ..
m 8  Tac28286F11,c27926F,BOTTOM,(234.463 108.058) ... (2.
mm Y (1) Wac26286aF11 F,BOTTOM,(234.463 109.
m 8 8SS Tac282863F11,BOTTOM,234.463 109.502)... (2
mY (1) Wac262860F11,BOTTOM,11.847)
m 8 8SS Tac282863F112,ac27926F,BOTTOM,(234.463 111.847)... (2
mY (1) Wac262862F11,Bc27926.F,BOTTOM,(234.463 114.299) ...
m 8STac282863F112,ac27926.F,BOTTOM,(234.463 114.299) ...
mY (2) TWaca26266F112 EF,BOTTOM,(234.463 86.630). ...
m 8 8S Tac282863F112 FF,BOTTOM,(234.463 86.630) (...
m 8 86SSTaac282863F11  F,ac27714F15,1402 BOTTOM  E (234.463 86.630).(... (23...
mY (2) Tac26240F11 F,627 926F 1,BOTTOM,(234.463 123.748) ...
m 8 SWac28240F11 F,627 926F 1,BOTTOM,(234.463 123.
m Tac28240F11,27616F1,BOTTOM,(234.463 123.
mY (1) Wac28286F11 F,c277143F 1,BOTTOM,(234.463 88.032). (...
m 8 8S Tac282863F11,c2T7 143F 1,BOTTOM,.032). (..
